{
    "loss": 0.1258678287267685,
    "accuracy": 0.9803921580314636
}